<?xml version="1.0" encoding="UTF-8"?>
<territory-type>
    <territory color="2164260608">
        <zone name="Rest" smin="0" smax="0" dmin="0" dmax="0" x="6365" z="9025" r="120"/>
        <zone name="Graze" smin="0" smax="0" dmin="0" dmax="0" x="4230" z="8895" r="350"/>
        <zone name="Graze" smin="0" smax="0" dmin="0" dmax="0" x="5630" z="10120" r="100"/>
    </territory>
    <territory color="2147483392">
        <zone name="Graze" smin="0" smax="0" dmin="0" dmax="0" x="1115" z="7150" r="350"/>
        <zone name="Rest" smin="0" smax="0" dmin="0" dmax="0" x="2475" z="7320" r="350"/>
        <zone name="Graze" smin="0" smax="0" dmin="0" dmax="0" x="2300" z="8605" r="250"/>
        <zone name="Graze" smin="0" smax="0" dmin="0" dmax="0" x="540" z="9105" r="400"/>
        <zone name="Rest" smin="0" smax="0" dmin="0" dmax="0" x="2260" z="9900" r="300"/>
    </territory>
    <territory color="2147483392">
        <zone name="Water" smin="0" smax="0" dmin="0" dmax="0" x="1210" z="4530" r="50"/>
        <zone name="Graze" smin="0" smax="0" dmin="0" dmax="0" x="320" z="4573.33" r="250"/>
        <zone name="Graze" smin="0" smax="0" dmin="0" dmax="0" x="550" z="5520" r="200"/>
        <zone name="Rest" smin="0" smax="0" dmin="0" dmax="0" x="1543.33" z="5656.67" r="150"/>
        <zone name="Rest" smin="0" smax="0" dmin="0" dmax="0" x="2226.67" z="6140" r="50"/>
    </territory>
    <territory color="2164260608">
        <zone name="Rest" smin="0" smax="0" dmin="0" dmax="0" x="9836.67" z="8770" r="120"/>
        <zone name="Graze" smin="0" smax="0" dmin="0" dmax="0" x="9300" z="9866.67" r="220"/>
        <zone name="Rest" smin="0" smax="0" dmin="0" dmax="0" x="7600" z="9696.67" r="170"/>
        <zone name="Water" smin="0" smax="0" dmin="0" dmax="0" x="6546.67" z="9913.33" r="50"/>
        <zone name="Graze" smin="0" smax="0" dmin="0" dmax="0" x="8823.33" z="8996.67" r="220"/>
        <zone name="Graze" smin="0" smax="0" dmin="0" dmax="0" x="7976.67" z="8750" r="220"/>
    </territory>
    <territory color="2164260608">
        <zone name="Rest" smin="0" smax="0" dmin="0" dmax="0" x="4526.67" z="5380" r="100"/>
        <zone name="Graze" smin="0" smax="0" dmin="0" dmax="0" x="4300" z="6113.33" r="300"/>
        <zone name="Graze" smin="0" smax="0" dmin="0" dmax="0" x="5506.67" z="7273.33" r="300"/>
        <zone name="Rest" smin="0" smax="0" dmin="0" dmax="0" x="3986.67" z="7310" r="300"/>
        <zone name="Rest" smin="0" smax="0" dmin="0" dmax="0" x="5210" z="6340" r="150"/>
    </territory>
    <territory color="2164260608">
        <zone name="Rest" smin="0" smax="0" dmin="0" dmax="0" x="9596.67" z="7863.33" r="50"/>
        <zone name="Rest" smin="0" smax="0" dmin="0" dmax="0" x="8686.67" z="7653.33" r="150"/>
        <zone name="Rest" smin="0" smax="0" dmin="0" dmax="0" x="8060" z="7676.67" r="220"/>
        <zone name="Graze" smin="0" smax="0" dmin="0" dmax="0" x="9223.33" z="6253.33" r="300"/>
    </territory>
    <territory color="2147483392">
        <zone name="Water" smin="0" smax="0" dmin="0" dmax="0" x="7546.67" z="7500" r="50"/>
        <zone name="Graze" smin="0" smax="0" dmin="0" dmax="0" x="6446.67" z="7573.33" r="150"/>
        <zone name="Rest" smin="0" smax="0" dmin="0" dmax="0" x="6206.67" z="6483.33" r="300"/>
        <zone name="Graze" smin="0" smax="0" dmin="0" dmax="0" x="7230" z="6673.33" r="300"/>
    </territory>
</territory-type>
