<?xml version="1.0" encoding="UTF-8"?>
<territory-type>
    <territory color="2130728192">
        <zone name="Graze" smin="0" smax="0" dmin="0" dmax="0" x="2996.67" z="5896.67" r="120"/>
        <zone name="Rest" smin="0" smax="0" dmin="0" dmax="0" x="2323.33" z="5526.67" r="100"/>
        <zone name="Water" smin="0" smax="0" dmin="0" dmax="0" x="1843.33" z="5826.67" r="50"/>
        <zone name="Graze" smin="0" smax="0" dmin="0" dmax="0" x="2080" z="4606.67" r="120"/>
        <zone name="Graze" smin="0" smax="0" dmin="0" dmax="0" x="1030" z="4733.33" r="120"/>
        <zone name="Rest" smin="0" smax="0" dmin="0" dmax="0" x="2016.67" z="6186.67" r="50"/>
        <zone name="Rest" smin="0" smax="0" dmin="0" dmax="0" x="1246.67" z="4183.33" r="120"/>
    </territory>
    <territory color="2130728192">
        <zone name="Graze" smin="0" smax="0" dmin="0" dmax="0" x="9173.33" z="8256.67" r="100"/>
        <zone name="Water" smin="0" smax="0" dmin="0" dmax="0" x="9650" z="8360" r="50"/>
        <zone name="Rest" smin="0" smax="0" dmin="0" dmax="0" x="9803.33" z="7513.33" r="75"/>
        <zone name="Rest" smin="0" smax="0" dmin="0" dmax="0" x="8676.67" z="7936.67" r="120"/>
    </territory>
    <territory color="2130728192">
        <zone name="Graze" smin="0" smax="0" dmin="0" dmax="0" x="1843.33" z="3780" r="120"/>
        <zone name="Rest" smin="0" smax="0" dmin="0" dmax="0" x="873.333" z="3410" r="120"/>
        <zone name="Rest" smin="0" smax="0" dmin="0" dmax="0" x="353.333" z="3950" r="120"/>
        <zone name="Graze" smin="0" smax="0" dmin="0" dmax="0" x="950" z="4006.67" r="120"/>
    </territory>
    <territory color="2130728192">
        <zone name="Graze" smin="0" smax="0" dmin="0" dmax="0" x="5983.33" z="4083.33" r="120"/>
        <zone name="Rest" smin="0" smax="0" dmin="0" dmax="0" x="5410" z="4576.67" r="120"/>
        <zone name="Rest" smin="0" smax="0" dmin="0" dmax="0" x="4710" z="5136.67" r="120"/>
        <zone name="Graze" smin="0" smax="0" dmin="0" dmax="0" x="4186.67" z="4703.33" r="120"/>
        <zone name="Rest" smin="0" smax="0" dmin="0" dmax="0" x="4330" z="4253.33" r="100"/>
        <zone name="Graze" smin="0" smax="0" dmin="0" dmax="0" x="4726.67" z="3953.33" r="120"/>
    </territory>
    <territory color="2130728192">
        <zone name="Graze" smin="0" smax="0" dmin="0" dmax="0" x="8303.33" z="6780" r="120"/>
        <zone name="Rest" smin="0" smax="0" dmin="0" dmax="0" x="7930" z="6416.67" r="70"/>
        <zone name="Graze" smin="0" smax="0" dmin="0" dmax="0" x="7790" z="7193.33" r="120"/>
        <zone name="Rest" smin="0" smax="0" dmin="0" dmax="0" x="9750" z="6710" r="120"/>
        <zone name="Graze" smin="0" smax="0" dmin="0" dmax="0" x="9020" z="7223.33" r="120"/>
    </territory>
    <territory color="2130728192">
        <zone name="Rest" smin="0" smax="0" dmin="0" dmax="0" x="5750" z="6110" r="100"/>
        <zone name="Graze" smin="0" smax="0" dmin="0" dmax="0" x="5403.33" z="5383.33" r="120"/>
        <zone name="Rest" smin="0" smax="0" dmin="0" dmax="0" x="5776.67" z="5143.33" r="120"/>
        <zone name="Graze" smin="0" smax="0" dmin="0" dmax="0" x="6253.33" z="5960" r="100"/>
    </territory>
</territory-type>
