<?xml version="1.0" encoding="UTF-8"?>
<territory-type>
    <territory color="2157549977">
        <zone name="Rest" smin="0" smax="0" dmin="0" dmax="0" x="1273.33" z="9756.67" r="250"/>
        <zone name="HuntingGround" smin="0" smax="0" dmin="0" dmax="0" x="776.667" z="7853.33" r="100"/>
        <zone name="Graze" smin="0" smax="0" dmin="0" dmax="0" x="1933.33" z="9193.33" r="252"/>
        <zone name="HuntingGround" smin="0" smax="0" dmin="0" dmax="0" x="3190" z="8633.33" r="250"/>
    </territory>
    <territory color="4288256409">
        <zone name="Water" smin="0" smax="0" dmin="0" dmax="0" x="9403.33" z="8016.67" r="50"/>
        <zone name="Rest" smin="0" smax="0" dmin="0" dmax="0" x="9750" z="9446.67" r="200"/>
        <zone name="Graze" smin="0" smax="0" dmin="0" dmax="0" x="7070" z="8986.67" r="200"/>
        <zone name="HuntingGround" smin="0" smax="0" dmin="0" dmax="0" x="8293.33" z="9333.33" r="200"/>
    </territory>
    <territory color="2140772761">
        <zone name="Water" smin="0" smax="0" dmin="0" dmax="0" x="7900" z="2925" r="50"/>
        <zone name="HuntingGround" smin="0" smax="0" dmin="0" dmax="0" x="6775" z="3045" r="150"/>
        <zone name="Graze" smin="0" smax="0" dmin="0" dmax="0" x="5835" z="3275" r="150"/>
        <zone name="HuntingGround" smin="0" smax="0" dmin="0" dmax="0" x="4620" z="3255" r="150"/>
    </territory>
    <territory color="2140772761">
        <zone name="Water" smin="0" smax="0" dmin="0" dmax="0" x="7942.5" z="4020" r="50"/>
        <zone name="Graze" smin="0" smax="0" dmin="0" dmax="0" x="7530" z="3365" r="150"/>
        <zone name="Rest" smin="0" smax="0" dmin="0" dmax="0" x="9010" z="3180" r="150"/>
        <zone name="HuntingGround" smin="0" smax="0" dmin="0" dmax="0" x="9860" z="3630" r="150"/>
        <zone name="HuntingGround" smin="0" smax="0" dmin="0" dmax="0" x="8990" z="4210" r="150"/>
    </territory>
    <territory color="2107218329">
        <zone name="Water" smin="0" smax="0" dmin="0" dmax="0" x="1823.33" z="4073.33" r="50"/>
        <zone name="Graze" smin="0" smax="0" dmin="0" dmax="0" x="1900" z="2740" r="150"/>
        <zone name="HuntingGround" smin="0" smax="0" dmin="0" dmax="0" x="273.333" z="2693.33" r="150"/>
        <zone name="Rest" smin="0" smax="0" dmin="0" dmax="0" x="3246.67" z="2873.33" r="150"/>
    </territory>
    <territory color="2157549977">
        <zone name="HuntingGround" smin="0" smax="0" dmin="0" dmax="0" x="5300" z="9486.67" r="250"/>
        <zone name="HuntingGround" smin="0" smax="0" dmin="0" dmax="0" x="5686.67" z="8336.67" r="250"/>
        <zone name="Graze" smin="0" smax="0" dmin="0" dmax="0" x="4010" z="10003.3" r="200"/>
        <zone name="HuntingGround" smin="0" smax="0" dmin="0" dmax="0" x="4690" z="7066.67" r="250"/>
    </territory>
    <territory color="2140772761">
        <zone name="Water" smin="0" smax="0" dmin="0" dmax="0" x="4060" z="2387" r="50"/>
        <zone name="HuntingGround" smin="0" smax="0" dmin="0" dmax="0" x="4476" z="1762" r="300"/>
        <zone name="HuntingGround" smin="0" smax="0" dmin="0" dmax="0" x="5260" z="2585" r="150"/>
        <zone name="HuntingGround" smin="0" smax="0" dmin="0" dmax="0" x="5940" z="2355" r="150"/>
        <zone name="HuntingGround" smin="0" smax="0" dmin="0" dmax="0" x="3800" z="2195" r="150"/>
    </territory>
</territory-type>
