<?xml version="1.0" encoding="UTF-8"?>
<territory-type>
    <territory color="1910952871">
        <zone name="InfectedSolitude" smin="0" smax="0" dmin="2" dmax="5" x="1486.25" z="4022.5" r="50"/>
        <zone name="InfectedSolitude" smin="0" smax="0" dmin="1" dmax="5" x="1521.25" z="4011.25" r="50"/>
        <zone name="InfectedSolitude" smin="0" smax="0" dmin="3" dmax="6" x="3218.61" z="7691.23" r="50"/>
        <zone name="InfectedSolitude" smin="0" smax="0" dmin="1" dmax="3" x="8145" z="6050" r="50"/>
        <zone name="InfectedSolitude" smin="0" smax="0" dmin="1" dmax="3" x="8168.75" z="6096.25" r="50"/>
        <zone name="InfectedSolitude" smin="0" smax="0" dmin="1" dmax="3" x="8203.75" z="6066.25" r="50"/>
    </territory>
    <territory color="1289674462"/>
    <territory color="2387830984">
        <zone name="InfectedMedic" smin="0" smax="0" dmin="2" dmax="5" x="7748" z="6061" r="50"/>
    </territory>
    <territory color="3014746644">
        <zone name="InfectedFirefighter" smin="0" smax="0" dmin="2" dmax="6" x="8182.14" z="5811.43" r="50"/>
    </territory>
    <territory color="2575065676">
        <zone name="InfectedVillage" smin="0" smax="0" dmin="2" dmax="4" x="7904.93" z="6245.79" r="50"/>
        <zone name="InfectedVillageTier1" smin="0" smax="0" dmin="5" dmax="7" x="797.159" z="4251.14" r="50"/>
        <zone name="InfectedVillage" smin="0" smax="0" dmin="3" dmax="5" x="8204.25" z="5851.25" r="50"/>
        <zone name="InfectedVillage" smin="0" smax="0" dmin="1" dmax="3" x="7935" z="6033.75" r="50"/>
        <zone name="InfectedVillageTier1" smin="0" smax="0" dmin="5" dmax="7" x="939.546" z="4281.47" r="50"/>
        <zone name="InfectedVillageTier1" smin="0" smax="0" dmin="5" dmax="7" x="876.363" z="4216.59" r="50"/>
        <zone name="InfectedVillage" smin="0" smax="0" dmin="2" dmax="4" x="7981.25" z="6238.75" r="50"/>
        <zone name="InfectedVillage" smin="0" smax="0" dmin="2" dmax="4" x="7913.75" z="6175.5" r="50"/>
        <zone name="InfectedVillage" smin="0" smax="0" dmin="2" dmax="3" x="8021.5" z="6121.5" r="50"/>
        <zone name="InfectedVillage" smin="0" smax="0" dmin="1" dmax="2" x="7820" z="6156" r="50"/>
        <zone name="InfectedVillage" smin="0" smax="0" dmin="3" dmax="5" x="8282.5" z="5754.75" r="50"/>
        <zone name="InfectedVillage" smin="0" smax="0" dmin="3" dmax="5" x="8272.75" z="5829.75" r="50"/>
        <zone name="InfectedVillageTier1" smin="0" smax="0" dmin="5" dmax="7" x="500.526" z="5040" r="50"/>
        <zone name="InfectedVillageTier1" smin="0" smax="0" dmin="5" dmax="7" x="241.579" z="5257.37" r="50"/>
        <zone name="InfectedVillageTier1" smin="0" smax="0" dmin="5" dmax="7" x="324.211" z="5187.37" r="50"/>
        <zone name="InfectedVillageTier1" smin="0" smax="0" dmin="5" dmax="7" x="444.737" z="5082.63" r="50"/>
        <zone name="InfectedVillage" smin="0" smax="0" dmin="3" dmax="5" x="8192" z="5756" r="50"/>
        <zone name="InfectedVillage" smin="0" smax="0" dmin="3" dmax="5" x="8406" z="6030" r="50"/>
        <zone name="InfectedVillage" smin="0" smax="0" dmin="3" dmax="5" x="8433" z="6086" r="50"/>
        <zone name="InfectedVillage" smin="0" smax="0" dmin="3" dmax="5" x="8489" z="6222" r="50"/>
        <zone name="InfectedVillage" smin="0" smax="0" dmin="1" dmax="2" x="7902" z="6112" r="50"/>
        <zone name="InfectedVillage" smin="0" smax="0" dmin="1" dmax="2" x="7855" z="6071" r="50"/>
        <zone name="InfectedVillageTier1" smin="0" smax="0" dmin="5" dmax="7" x="609.818" z="3780.45" r="50"/>
        <zone name="InfectedVillageTier1" smin="0" smax="0" dmin="5" dmax="7" x="653.364" z="3644.27" r="50"/>
        <zone name="InfectedVillageTier1" smin="0" smax="0" dmin="5" dmax="7" x="727.091" z="3781.45" r="50"/>
        <zone name="InfectedVillageTier1" smin="0" smax="0" dmin="5" dmax="7" x="676.364" z="3851.82" r="50"/>
        <zone name="InfectedVillageTier1" smin="0" smax="0" dmin="5" dmax="7" x="725.455" z="3698.18" r="50"/>
        <zone name="InfectedVillageTier1" smin="0" smax="0" dmin="5" dmax="7" x="696.364" z="4298.18" r="50"/>
        <zone name="InfectedVillageTier1" smin="0" smax="0" dmin="5" dmax="7" x="760" z="4457.27" r="50"/>
        <zone name="InfectedVillageTier1" smin="0" smax="0" dmin="5" dmax="7" x="831.818" z="4420" r="50"/>
        <zone name="InfectedVillageTier1" smin="0" smax="0" dmin="5" dmax="7" x="756.364" z="4368.18" r="50"/>
        <zone name="InfectedVillageTier1" smin="0" smax="0" dmin="5" dmax="7" x="1637.27" z="5880" r="50"/>
        <zone name="InfectedVillageTier1" smin="0" smax="0" dmin="5" dmax="7" x="1743.64" z="5933.64" r="50"/>
        <zone name="InfectedVillageTier1" smin="0" smax="0" dmin="5" dmax="7" x="1825.45" z="5891.82" r="50"/>
        <zone name="InfectedVillageTier1" smin="0" smax="0" dmin="5" dmax="7" x="1831.82" z="5960" r="50"/>
        <zone name="InfectedVillageTier1" smin="0" smax="0" dmin="5" dmax="7" x="1904.55" z="5900.91" r="50"/>
        <zone name="InfectedVillageTier1" smin="0" smax="0" dmin="5" dmax="7" x="1993.64" z="5855.45" r="50"/>
    </territory>
    <territory color="1291845632">
        <zone name="InfectedReligious" smin="0" smax="0" dmin="1" dmax="3" x="578.889" z="4977.78" r="50"/>
    </territory>
    <territory color="1102461653">
        <zone name="InfectedIndustrial" smin="0" smax="0" dmin="3" dmax="6" x="802.778" z="7751.81" r="50"/>
        <zone name="InfectedIndustrial" smin="0" smax="0" dmin="3" dmax="6" x="850" z="7602.5" r="50"/>
        <zone name="InfectedIndustrial" smin="0" smax="0" dmin="3" dmax="6" x="675" z="7760" r="50"/>
        <zone name="InfectedIndustrial" smin="0" smax="0" dmin="3" dmax="6" x="742.5" z="7976.25" r="50"/>
        <zone name="InfectedIndustrial" smin="0" smax="0" dmin="2" dmax="4" x="9038.64" z="2679.91" r="50"/>
        <zone name="InfectedIndustrial" smin="0" smax="0" dmin="3" dmax="6" x="763.75" z="7923.75" r="50"/>
        <zone name="InfectedIndustrial" smin="0" smax="0" dmin="3" dmax="6" x="853.333" z="7721.11" r="50"/>
        <zone name="InfectedIndustrial" smin="0" smax="0" dmin="1" dmax="3" x="7803" z="5727.5" r="50"/>
        <zone name="InfectedIndustrial" smin="0" smax="0" dmin="2" dmax="4" x="9130.77" z="2694.62" r="50"/>
        <zone name="InfectedIndustrial" smin="0" smax="0" dmin="2" dmax="4" x="9083.85" z="2600.77" r="50"/>
        <zone name="InfectedIndustrial" smin="0" smax="0" dmin="2" dmax="4" x="9180.77" z="2525.38" r="50"/>
        <zone name="InfectedIndustrial" smin="0" smax="0" dmin="2" dmax="4" x="9256.92" z="2500" r="50"/>
        <zone name="InfectedIndustrial" smin="0" smax="0" dmin="2" dmax="4" x="9177.69" z="2431.54" r="50"/>
        <zone name="InfectedIndustrial" smin="0" smax="0" dmin="2" dmax="4" x="9229.23" z="2620" r="50"/>
        <zone name="InfectedIndustrial" smin="0" smax="0" dmin="2" dmax="4" x="9152.31" z="2626.15" r="50"/>
        <zone name="InfectedVillageTier1" smin="0" smax="0" dmin="5" dmax="7" x="7721" z="5734" r="50"/>
        <zone name="InfectedIndustrial" smin="0" smax="0" dmin="1" dmax="3" x="7922" z="5763" r="50"/>
        <zone name="InfectedIndustrial" smin="0" smax="0" dmin="1" dmax="3" x="8008" z="5754" r="50"/>
        <zone name="InfectedIndustrial" smin="0" smax="0" dmin="1" dmax="3" x="7945" z="5688" r="50"/>
        <zone name="InfectedIndustrial" smin="0" smax="0" dmin="1" dmax="3" x="8547" z="6136" r="50"/>
        <zone name="InfectedIndustrial" smin="0" smax="0" dmin="1" dmax="3" x="8317" z="5761" r="50"/>
        <zone name="InfectedIndustrial" smin="0" smax="0" dmin="1" dmax="3" x="439" z="5101" r="50"/>
        <zone name="InfectedIndustrial" smin="0" smax="0" dmin="1" dmax="3" x="488" z="5036" r="50"/>
        <zone name="InfectedIndustrial" smin="0" smax="0" dmin="1" dmax="3" x="340" z="5191" r="50"/>
    </territory>
    <territory color="1794965508">
        <zone name="InfectedPolice" smin="0" smax="0" dmin="3" dmax="6" x="7892" z="6216.75" r="50"/>
    </territory>
    <territory color="1136576269">
        <zone name="InfectedCity" smin="0" smax="0" dmin="3" dmax="8" x="7748.75" z="6036.25" r="75"/>
        <zone name="InfectedCity" smin="0" smax="0" dmin="3" dmax="6" x="7945" z="5865" r="50"/>
        <zone name="InfectedCity" smin="0" smax="0" dmin="6" dmax="12" x="8492.5" z="6155" r="100"/>
        <zone name="InfectedCity" smin="0" smax="0" dmin="2" dmax="4" x="7992.5" z="5983.5" r="50"/>
        <zone name="InfectedCity" smin="0" smax="0" dmin="3" dmax="6" x="8012.5" z="5866.25" r="50"/>
        <zone name="InfectedCity" smin="0" smax="0" dmin="3" dmax="6" x="7972.5" z="5805" r="50"/>
        <zone name="InfectedCity" smin="0" smax="0" dmin="3" dmax="6" x="8078.75" z="5756.25" r="50"/>
        <zone name="InfectedCity" smin="0" smax="0" dmin="2" dmax="4" x="7897" z="5992" r="50"/>
        <zone name="InfectedCity" smin="0" smax="0" dmin="2" dmax="4" x="7941" z="6050" r="50"/>
        <zone name="InfectedCity" smin="0" smax="0" dmin="2" dmax="4" x="7891" z="6090" r="50"/>
        <zone name="InfectedCity" smin="0" smax="0" dmin="2" dmax="4" x="7824" z="6190" r="50"/>
        <zone name="InfectedCity" smin="0" smax="0" dmin="2" dmax="4" x="7732" z="6202" r="50"/>
        <zone name="InfectedCity" smin="0" smax="0" dmin="2" dmax="4" x="7824" z="6068" r="50"/>
        <zone name="InfectedCity" smin="0" smax="0" dmin="2" dmax="4" x="7870" z="5907" r="50"/>
        <zone name="InfectedCity" smin="0" smax="0" dmin="2" dmax="4" x="7889" z="5861" r="50"/>
        <zone name="InfectedVillageTier1" smin="0" smax="0" dmin="5" dmax="7" x="3222" z="7549" r="50"/>
    </territory>
    <territory color="1124502272">
        <zone name="InfectedArmy" smin="0" smax="0" dmin="15" dmax="30" x="4273" z="1861" r="200"/>
        <zone name="InfectedArmy" smin="0" smax="0" dmin="5" dmax="10" x="4166.67" z="1686.33" r="50"/>
        <zone name="InfectedCity" smin="0" smax="0" dmin="1" dmax="3" x="8483.75" z="6198.75" r="50"/>
        <zone name="InfectedArmy" smin="0" smax="0" dmin="15" dmax="30" x="4618" z="1984" r="200"/>
        <zone name="InfectedArmy" smin="0" smax="0" dmin="15" dmax="30" x="4666" z="1436" r="200"/>
        <zone name="InfectedArmy" smin="0" smax="0" dmin="15" dmax="30" x="4262" z="1456" r="200"/>
        <zone name="InfectedArmy" smin="0" smax="0" dmin="15" dmax="30" x="4500" z="1674" r="200"/>
        <zone name="InfectedArmy" smin="0" smax="0" dmin="15" dmax="30" x="4784" z="1746" r="200"/>
    </territory>
</territory-type>
