{
    "Areas": [
		{ 	"AreaName": "101thCavalryField", 
			"Type": "ContaminatedArea_Static", 
			"TriggerType": "ContaminatedTrigger",
			"Data": { 
				"Pos": [ 4356, 0, 1638 ],
				"Radius": 375,
				"PosHeight": 22,
				"NegHeight": 10,
				"InnerRingCount": 1,
				"InnerPartDist": 50,
				"OuterRingToggle": 1, 
				"OuterPartDist": 50, 
				"OuterOffset": 0, 
				"VerticalLayers": 0,
				"VerticalOffset": 0,
				"ParticleName": "graphics/particles/contaminated_area_gas_bigass"
				},
			"PlayerData": {
				"AroundPartName": "graphics/particles/contaminated_area_gas_around",
				"TinyPartName": "graphics/particles/contaminated_area_gas_around_tiny",
				"PPERequesterType": "PPERequester_ContaminatedAreaTint"
			}
		},
		{ 	"AreaName": "NationalGuardCamp", 
			"Type": "ContaminatedArea_Static", 
			"TriggerType": "ContaminatedTrigger",
			"Data": { 
				"Pos": [ 5989, 0, 9178 ],
				"Radius": 125,
				"PosHeight": 22,
				"NegHeight": 10,
				"InnerRingCount": 1,
				"InnerPartDist": 50,
				"OuterRingToggle": 1, 
				"OuterPartDist": 50, 
				"OuterOffset": 0, 
				"VerticalLayers": 0,
				"VerticalOffset": 0,
				"ParticleName": "graphics/particles/contaminated_area_gas_bigass"
				},
			"PlayerData": {
				"AroundPartName": "graphics/particles/contaminated_area_gas_around",
				"TinyPartName": "graphics/particles/contaminated_area_gas_around_tiny",
				"PPERequesterType": "PPERequester_ContaminatedAreaTint"
			}
		}
    ],

	"SafePositions":[
		[712.56, 3757.08],
		[774.55, 4392.19],
		[1423.43, 3385.87],
		[1498.48, 4041.40]
	]
}
