﻿<?xml version="1.0" encoding="utf-8"?>
<playerspawnpoints>
  <fresh>
    <!-- runtime parameters used when player is spawning -->
    <spawn_params>
      <!-- used to rate point against infected -->
      <min_dist_infected>30.0</min_dist_infected>
      <max_dist_infected>70.0</max_dist_infected>
      <!-- used to rate point against other players -->
      <min_dist_player>25.0</min_dist_player>
      <max_dist_player>70.0</max_dist_player>
      <!-- used to rate point against buildings -->
      <min_dist_static>0.5</min_dist_static>
      <max_dist_static>2.0</max_dist_static>
    </spawn_params>
    <!--
            Generator parameters

            Spawn points are generated around positions given inside <generator_posbubbles> element.
            Around every position is created a rectangle with given dimensions.
            This rectangle is then sampled for spawn point candidates in form of a grid.
        -->
    <generator_params>
      <!--
                Density is sample frequency of created rectangle.

                example:                         example:
                  density 4                        density 8

                grid will look like this:        grid will look like this:



                Every '+' represents a spawn point candidate.
                Blank areas are space between each spawn point.
                Width of each area is exaclty width / density.
                Height of each area is exaclty height / density.
            -->
      <grid_density>8</grid_density>
      <!-- total width of grid in metres -->
      <grid_width>40.0</grid_width>
      <!-- total height of grid in metres -->
      <grid_height>40.0</grid_height>
      <!--  minimum distance from buildings for valid spawn point -->
      <min_dist_static>0.5</min_dist_static>
      <!--  maximum distance from buildings used to rate valid spawn point -->
      <max_dist_static>2.0</max_dist_static>
      <!-- terrain slope limits for valid spawn point -->
      <min_steepness>-45</min_steepness>
      <max_steepness>45</max_steepness>
    </generator_params>
    <!-- centers for grids of spawn points -->
    <generator_posbubbles>
      <pos x="627.72" z="3362.26" />
      <pos x="379.03" z="3529.67" />
      <pos x="162.36" z="3657.90" />
      <pos x="352.50" z="3790.56" />
      <pos x="392.30" z="3850.25" />
      <pos x="239.75" z="4051.44" />
      <pos x="531.58" z="4115.56" />
      <pos x="675.29" z="4007.22" />
      <pos x="852.05" z="3906.27" />
      <pos x="1028.34" z="3898.68" />
      <pos x="977.16" z="4092.03" />
      <pos x="958.20" z="4175.43" />
      <pos x="1016.96" z="4364.99" />
      <pos x="1047.29" z="4628.47" />
      <pos x="1259.59" z="4575.40" />
      <pos x="726.94" z="3423.47" />
      <pos x="1064.35" z="3592.17" />
      <pos x="1123.11" z="3770.35" />
      <pos x="980.95" z="4071.18" />
      <pos x="408.49" z="3934.70" />
    </generator_posbubbles>
  </fresh>
  <hop>
    <generator_posbubbles>
      <pos x="627.72" z="3362.26" />
      <pos x="379.03" z="3529.67" />
      <pos x="162.36" z="3657.90" />
      <pos x="352.50" z="3790.56" />
      <pos x="392.30" z="3850.25" />
      <pos x="239.75" z="4051.44" />
      <pos x="531.58" z="4115.56" />
      <pos x="675.29" z="4007.22" />
      <pos x="852.05" z="3906.27" />
      <pos x="1028.34" z="3898.68" />
      <pos x="977.16" z="4092.03" />
      <pos x="958.20" z="4175.43" />
      <pos x="1016.96" z="4364.99" />
      <pos x="1047.29" z="4628.47" />
      <pos x="1259.59" z="4575.40" />
      <pos x="726.94" z="3423.47" />
      <pos x="1064.35" z="3592.17" />
      <pos x="1123.11" z="3770.35" />
      <pos x="980.95" z="4071.18" />
      <pos x="408.49" z="3934.70" />
    </generator_posbubbles>
  </hop>
</playerspawnpoints>